,overlay256,overlay512
0,overlay256/0_overlay.tif,overlay512/0_overlay.tif
1,overlay256/1_overlay.tif,overlay512/1_overlay.tif
2,overlay256/2_overlay.tif,overlay512/2_overlay.tif
3,overlay256/3_overlay.tif,overlay512/3_overlay.tif
4,overlay256/4_overlay.tif,overlay512/4_overlay.tif
5,overlay256/5_overlay.tif,overlay512/5_overlay.tif
6,overlay256/6_overlay.tif,overlay512/6_overlay.tif
7,overlay256/7_overlay.tif,overlay512/7_overlay.tif
8,overlay256/8_overlay.tif,overlay512/8_overlay.tif
9,overlay256/9_overlay.tif,overlay512/9_overlay.tif
10,overlay256/10_overlay.tif,overlay512/10_overlay.tif
11,overlay256/11_overlay.tif,overlay512/11_overlay.tif
12,overlay256/12_overlay.tif,overlay512/12_overlay.tif
13,overlay256/13_overlay.tif,overlay512/13_overlay.tif
14,overlay256/14_overlay.tif,overlay512/14_overlay.tif
15,overlay256/15_overlay.tif,overlay512/15_overlay.tif
16,overlay256/16_overlay.tif,overlay512/16_overlay.tif
17,overlay256/17_overlay.tif,overlay512/17_overlay.tif
18,overlay256/18_overlay.tif,overlay512/18_overlay.tif
19,overlay256/19_overlay.tif,overlay512/19_overlay.tif
20,overlay256/20_overlay.tif,overlay512/20_overlay.tif
21,overlay256/21_overlay.tif,overlay512/21_overlay.tif
22,overlay256/22_overlay.tif,overlay512/22_overlay.tif
23,overlay256/23_overlay.tif,overlay512/23_overlay.tif
24,overlay256/24_overlay.tif,overlay512/24_overlay.tif
25,overlay256/25_overlay.tif,overlay512/25_overlay.tif
26,overlay256/26_overlay.tif,overlay512/26_overlay.tif
27,overlay256/27_overlay.tif,overlay512/27_overlay.tif
28,overlay256/28_overlay.tif,overlay512/28_overlay.tif
29,overlay256/29_overlay.tif,overlay512/29_overlay.tif
30,overlay256/30_overlay.tif,overlay512/30_overlay.tif
31,overlay256/31_overlay.tif,overlay512/31_overlay.tif
32,overlay256/32_overlay.tif,overlay512/32_overlay.tif
33,overlay256/33_overlay.tif,overlay512/33_overlay.tif
34,overlay256/34_overlay.tif,overlay512/34_overlay.tif
35,overlay256/35_overlay.tif,overlay512/35_overlay.tif
36,overlay256/36_overlay.tif,overlay512/36_overlay.tif
37,overlay256/37_overlay.tif,overlay512/37_overlay.tif
38,overlay256/38_overlay.tif,overlay512/38_overlay.tif
39,overlay256/39_overlay.tif,overlay512/39_overlay.tif
40,overlay256/40_overlay.tif,overlay512/40_overlay.tif
41,overlay256/41_overlay.tif,overlay512/41_overlay.tif
42,overlay256/42_overlay.tif,overlay512/42_overlay.tif
43,overlay256/43_overlay.tif,overlay512/43_overlay.tif
44,overlay256/44_overlay.tif,overlay512/44_overlay.tif
45,overlay256/45_overlay.tif,overlay512/45_overlay.tif
46,overlay256/46_overlay.tif,overlay512/46_overlay.tif
47,overlay256/47_overlay.tif,overlay512/47_overlay.tif
48,overlay256/48_overlay.tif,overlay512/48_overlay.tif
49,overlay256/49_overlay.tif,overlay512/49_overlay.tif
50,overlay256/50_overlay.tif,overlay512/50_overlay.tif
51,overlay256/51_overlay.tif,overlay512/51_overlay.tif
52,overlay256/52_overlay.tif,overlay512/52_overlay.tif
53,overlay256/53_overlay.tif,overlay512/53_overlay.tif
54,overlay256/54_overlay.tif,overlay512/54_overlay.tif
55,overlay256/55_overlay.tif,overlay512/55_overlay.tif
56,overlay256/56_overlay.tif,overlay512/56_overlay.tif
57,overlay256/57_overlay.tif,overlay512/57_overlay.tif
58,overlay256/58_overlay.tif,overlay512/58_overlay.tif
59,overlay256/59_overlay.tif,overlay512/59_overlay.tif
60,overlay256/60_overlay.tif,overlay512/60_overlay.tif
61,overlay256/61_overlay.tif,overlay512/61_overlay.tif
62,overlay256/62_overlay.tif,overlay512/62_overlay.tif
63,overlay256/63_overlay.tif,overlay512/63_overlay.tif
64,overlay256/64_overlay.tif,overlay512/64_overlay.tif
65,overlay256/65_overlay.tif,overlay512/65_overlay.tif
66,overlay256/66_overlay.tif,overlay512/66_overlay.tif
67,overlay256/67_overlay.tif,overlay512/67_overlay.tif
68,overlay256/68_overlay.tif,overlay512/68_overlay.tif
69,overlay256/69_overlay.tif,overlay512/69_overlay.tif
70,overlay256/70_overlay.tif,overlay512/70_overlay.tif
71,overlay256/71_overlay.tif,overlay512/71_overlay.tif
72,overlay256/72_overlay.tif,overlay512/72_overlay.tif
73,overlay256/73_overlay.tif,overlay512/73_overlay.tif
74,overlay256/74_overlay.tif,overlay512/74_overlay.tif
75,overlay256/75_overlay.tif,overlay512/75_overlay.tif
76,overlay256/76_overlay.tif,overlay512/76_overlay.tif
77,overlay256/77_overlay.tif,overlay512/77_overlay.tif
78,overlay256/78_overlay.tif,overlay512/78_overlay.tif
79,overlay256/79_overlay.tif,overlay512/79_overlay.tif
